{
  "judged": 49,
  "new_judged": 370,
  "new_rel_dist": {
    "0": 286,
    "1": 84
  },
  "rel_pos_pct": 22.702702702702705,
  "before": {
    "dense": {
      "civil_cases_v1": {
        "nDCG@5": 0.7727960878466781,
        "nDCG@10": 0.7097985681256304,
        "P@5": 0.8326530612244899,
        "RR@5": 0.9693877551020408,
        "R@10": 0.4109702892090048
      },
      "civil_cases_v3": {
        "nDCG@5": 0.7525525709855391,
        "nDCG@10": 0.6871187862711717,
        "P@5": 0.8040816326530612,
        "RR@5": 0.9897959183673469,
        "R@10": 0.4020284569894303
      }
    },
    "hybrid": {
      "civil_cases_v1": {
        "nDCG@5": 0.6921354747061548,
        "nDCG@10": 0.6297689534504346,
        "P@5": 0.6979591836734694,
        "RR@5": 0.976190476190476,
        "R@10": 0.3626357306354971
      },
      "civil_cases_v3": {
        "nDCG@5": 0.672477520841662,
        "nDCG@10": 0.611650722098072,
        "P@5": 0.6979591836734694,
        "RR@5": 0.9625850340136054,
        "R@10": 0.35858105596421047
      }
    }
  },
  "after": {
    "dense": {
      "civil_cases_v1": {
        "nDCG@5": 0.7830617116933439,
        "nDCG@10": 0.7306740745723878,
        "P@5": 0.8571428571428571,
        "RR@5": 0.9795918367346939,
        "R@10": 0.4075533985433557
      },
      "civil_cases_v3": {
        "nDCG@5": 0.758961619179534,
        "nDCG@10": 0.704031043636894,
        "P@5": 0.8163265306122449,
        "RR@5": 0.9897959183673469,
        "R@10": 0.3957433710000401
      }
    },
    "hybrid": {
      "civil_cases_v1": {
        "nDCG@5": 0.705572874525421,
        "nDCG@10": 0.6562573663790162,
        "P@5": 0.7346938775510206,
        "RR@5": 0.976190476190476,
        "R@10": 0.3696819743913902
      },
      "civil_cases_v3": {
        "nDCG@5": 0.6915760345770523,
        "nDCG@10": 0.6408441906101421,
        "P@5": 0.7346938775510206,
        "RR@5": 0.9863945578231291,
        "R@10": 0.3636698682892207
      }
    }
  }
}