{
  "top_k": 10,
  "pool": 50,
  "qrels_aug": 1459,
  "baseline": {
    "n": 49,
    "results": {
      "dense": {
        "civil_cases_v1": {
          "nDCG@5": 0.8945507283731179,
          "nDCG@10": 0.8919889471610326,
          "P@5": 0.9306122448979594,
          "RR@5": 0.9897959183673469,
          "R@10": 0.5289997281593278
        },
        "civil_cases_v3": {
          "nDCG@5": 0.837064667498493,
          "nDCG@10": 0.7833124567879981,
          "P@5": 0.8938775510204081,
          "RR@5": 0.9897959183673469,
          "R@10": 0.47139627128478406
        }
      },
      "hybrid": {
        "civil_cases_v1": {
          "nDCG@5": 0.8712811902946183,
          "nDCG@10": 0.8482942189336377,
          "P@5": 0.9183673469387755,
          "RR@5": 0.9897959183673469,
          "R@10": 0.504052008583915
        },
        "civil_cases_v3": {
          "nDCG@5": 0.8256676336446209,
          "nDCG@10": 0.7783991719353586,
          "P@5": 0.9061224489795919,
          "RR@5": 0.9897959183673469,
          "R@10": 0.4686756413000954
        }
      }
    }
  },
  "neutral": {
    "n": 49,
    "results": {
      "dense": {
        "civil_cases_v1": {
          "nDCG@5": 0.7727960878466781,
          "nDCG@10": 0.7097985681256304,
          "P@5": 0.8326530612244899,
          "RR@5": 0.9693877551020408,
          "R@10": 0.4109702892090048
        },
        "civil_cases_v3": {
          "nDCG@5": 0.7525525709855391,
          "nDCG@10": 0.6871187862711717,
          "P@5": 0.8040816326530612,
          "RR@5": 0.9897959183673469,
          "R@10": 0.4020284569894303
        }
      },
      "hybrid": {
        "civil_cases_v1": {
          "nDCG@5": 0.6921354747061548,
          "nDCG@10": 0.6290746771637038,
          "P@5": 0.6979591836734694,
          "RR@5": 0.976190476190476,
          "R@10": 0.36246331143740307
        },
        "civil_cases_v3": {
          "nDCG@5": 0.672477520841662,
          "nDCG@10": 0.6110015303817561,
          "P@5": 0.6979591836734694,
          "RR@5": 0.9625850340136054,
          "R@10": 0.3577647294335982
        }
      }
    }
  }
}