{
  "eval_set": "qrels_pooled_3judge, NO-self, test 20q",
  "llm": "qwen2.5:14b",
  "no_self": {
    "Hybrid": {
      "P@5": 0.7899999999999999,
      "nDCG@10": 0.757942459164963,
      "RR@5": 0.885,
      "R@10": 0.35231646683117274,
      "RR@10": 0.885,
      "AP@10": 0.3099428375514918,
      "nDCG@5": 0.7879079501473905,
      "R@5": 0.22562467025702318
    },
    "Hybrid+LLM": {
      "P@5": 0.8200000000000001,
      "nDCG@10": 0.7523416565971461,
      "RR@5": 0.95,
      "R@10": 0.33857268166091703,
      "RR@10": 0.95,
      "AP@10": 0.31426630984016024,
      "nDCG@5": 0.8377910901932919,
      "R@5": 0.23637773101008394
    }
  }
}