{
  "eval_set": "qrels_pooled_3judge, NO-self",
  "no_self": {
    "Hybrid": {
      "nDCG@5": 0.7521892438384596,
      "R@5": 0.2028445095425251,
      "R@10": 0.31339438662451846,
      "AP@10": 0.26041210936340176,
      "RR@5": 0.8761666666666666,
      "P@5": 0.7659999999999997,
      "nDCG@10": 0.7374728661151952,
      "RR@10": 0.8761666666666666
    },
    "Hybrid+Reranker": {
      "nDCG@5": 0.7096473423007922,
      "R@5": 0.20503030852523602,
      "R@10": 0.30842832817918775,
      "AP@10": 0.24276200056412603,
      "RR@5": 0.8534999999999999,
      "P@5": 0.7199999999999999,
      "nDCG@10": 0.681378115557373,
      "RR@10": 0.8549285714285715
    },
    "Dense(ref)": {
      "RR@10": 0.8670238095238093,
      "R@5": 0.18031097212150815,
      "P@5": 0.7539999999999997,
      "AP@10": 0.2562973712382497,
      "RR@5": 0.8641666666666665,
      "R@10": 0.31322642064060047,
      "nDCG@10": 0.7272190444003137,
      "nDCG@5": 0.7324952813383829
    },
    "Dense+Reranker(ref)": {
      "RR@10": 0.8504285714285714,
      "R@5": 0.2022824691647428,
      "P@5": 0.7439999999999998,
      "AP@10": 0.2542661356773459,
      "RR@5": 0.8489999999999999,
      "R@10": 0.3166652528262053,
      "nDCG@10": 0.7122647378634005,
      "nDCG@5": 0.716992493187009
    }
  }
}