{
  "eval_set": "qrels_pooled (공정 풀)",
  "with_self": {
    "BM25": {
      "RR@10": 1.0,
      "R@5": 0.22386950244167522,
      "P@5": 0.7859999999999995,
      "AP@10": 0.30759403059917295,
      "RR@5": 1.0,
      "R@10": 0.3448882490413755,
      "nDCG@10": 0.8382189459232356,
      "nDCG@5": 0.8672534277544994
    },
    "Dense": {
      "RR@10": 1.0,
      "R@5": 0.23534377132768128,
      "P@5": 0.8119999999999997,
      "AP@10": 0.32791396952404384,
      "RR@5": 1.0,
      "R@10": 0.36080155455953083,
      "nDCG@10": 0.8602570712098934,
      "nDCG@5": 0.8833736332679583
    },
    "Dense+Reranker": {
      "RR@10": 1.0,
      "R@5": 0.23572520264672872,
      "P@5": 0.7979999999999997,
      "AP@10": 0.3262818944915796,
      "RR@5": 1.0,
      "R@10": 0.36265252510939966,
      "nDCG@10": 0.8510159520441896,
      "nDCG@5": 0.8670565094042649
    }
  },
  "no_self": {
    "BM25": {
      "RR@10": 0.8213888888888888,
      "R@5": 0.16358183123363076,
      "P@5": 0.714,
      "AP@10": 0.23239816326770626,
      "RR@5": 0.8158333333333332,
      "R@10": 0.2885301798441541,
      "nDCG@10": 0.6869605333318083,
      "nDCG@5": 0.6952240225044859
    },
    "Dense": {
      "RR@10": 0.8670238095238093,
      "R@5": 0.18031097212150815,
      "P@5": 0.7539999999999997,
      "AP@10": 0.2562973712382497,
      "RR@5": 0.8641666666666665,
      "R@10": 0.31322642064060047,
      "nDCG@10": 0.7272190444003137,
      "nDCG@5": 0.7324952813383829
    },
    "Dense+Reranker": {
      "RR@10": 0.8504285714285714,
      "R@5": 0.2022824691647428,
      "P@5": 0.7439999999999998,
      "AP@10": 0.2542661356773459,
      "RR@5": 0.8489999999999999,
      "R@10": 0.3166652528262053,
      "nDCG@10": 0.7122647378634005,
      "nDCG@5": 0.716992493187009
    }
  }
}