{
  "eval_set": "qrels_pooled_3judge, NO-self, 전체 100쿼리",
  "llm": "qwen2.5:14b",
  "n_queries": 100,
  "no_self": {
    "Hybrid": {
      "RR@10": 0.8736666666666667,
      "P@5": 0.7619999999999998,
      "RR@5": 0.8736666666666667,
      "nDCG@5": 0.7507691453786756,
      "AP@10": 0.2701141783629397,
      "R@5": 0.20555694308355374,
      "nDCG@10": 0.7363791211329267,
      "R@10": 0.31979660864790405
    },
    "Hybrid+LLM": {
      "RR@10": 0.9075,
      "P@5": 0.7939999999999998,
      "RR@5": 0.9075,
      "nDCG@5": 0.7933417196747512,
      "AP@10": 0.27798629219580306,
      "R@5": 0.2191223442388526,
      "nDCG@10": 0.7243807941553655,
      "R@10": 0.3020583015952408
    }
  }
}