{
  "eval_set": "qrels_pooled (공정 풀)",
  "with_self": {
    "BM25": {
      "RR@10": 1.0,
      "AP@10": 0.30759403059917295,
      "nDCG@5": 0.8672534277544994,
      "RR@5": 1.0,
      "R@5": 0.22386950244167522,
      "nDCG@10": 0.8382189459232356,
      "R@10": 0.3448882490413755,
      "P@5": 0.7859999999999995
    },
    "Dense": {
      "RR@10": 1.0,
      "AP@10": 0.32791396952404384,
      "nDCG@5": 0.8833736332679583,
      "RR@5": 1.0,
      "R@5": 0.23534377132768128,
      "nDCG@10": 0.8602570712098934,
      "R@10": 0.36080155455953083,
      "P@5": 0.8119999999999997
    },
    "Dense+Reranker": {
      "RR@10": 0.995,
      "AP@10": 0.2968265269003615,
      "nDCG@5": 0.8368378797007787,
      "RR@5": 0.995,
      "R@5": 0.21528703332372578,
      "nDCG@10": 0.8246095633619167,
      "R@10": 0.33605457555206647,
      "P@5": 0.7559999999999996
    }
  },
  "no_self": {
    "BM25": {
      "RR@10": 0.8213888888888888,
      "AP@10": 0.23239816326770626,
      "nDCG@5": 0.6952240225044859,
      "RR@5": 0.8158333333333332,
      "R@5": 0.16358183123363076,
      "nDCG@10": 0.6869605333318083,
      "R@10": 0.2885301798441541,
      "P@5": 0.714
    },
    "Dense": {
      "RR@10": 0.8670238095238093,
      "AP@10": 0.2562973712382497,
      "nDCG@5": 0.7324952813383829,
      "RR@5": 0.8641666666666665,
      "R@5": 0.18031097212150815,
      "nDCG@10": 0.7272190444003137,
      "R@10": 0.31322642064060047,
      "P@5": 0.7539999999999997
    },
    "Dense+Reranker": {
      "RR@10": 0.8272777777777778,
      "AP@10": 0.22282496705733557,
      "nDCG@5": 0.6718925016182341,
      "RR@5": 0.8251666666666666,
      "R@5": 0.17340002976453167,
      "nDCG@10": 0.6800352098499168,
      "R@10": 0.2948485752949187,
      "P@5": 0.7019999999999996
    }
  }
}