{
  "eval_set": "qrels_pooled_3judge, NO-self",
  "rrf_k": 60,
  "depth": 50,
  "with_self": {
    "BM25": {
      "AP@10": 0.30759403059917295,
      "P@5": 0.7859999999999995,
      "R@5": 0.22386950244167522,
      "R@10": 0.3448882490413755,
      "RR@5": 1.0,
      "nDCG@5": 0.8672534277544994,
      "nDCG@10": 0.8382189459232356,
      "RR@10": 1.0
    },
    "Dense": {
      "AP@10": 0.32791396952404384,
      "P@5": 0.8119999999999997,
      "R@5": 0.23534377132768128,
      "R@10": 0.36080155455953083,
      "RR@5": 1.0,
      "nDCG@5": 0.8833736332679583,
      "nDCG@10": 0.8602570712098934,
      "RR@10": 1.0
    },
    "Hybrid(RRF)": {
      "AP@10": 0.3333543694150841,
      "P@5": 0.828,
      "R@5": 0.25015821811165095,
      "R@10": 0.36405334560131225,
      "RR@5": 1.0,
      "nDCG@5": 0.89306120252244,
      "nDCG@10": 0.8692330277650104,
      "RR@10": 1.0
    }
  },
  "no_self": {
    "BM25": {
      "AP@10": 0.23239816326770626,
      "P@5": 0.714,
      "R@5": 0.16358183123363076,
      "R@10": 0.2885301798441541,
      "RR@5": 0.8158333333333332,
      "nDCG@5": 0.6952240225044859,
      "nDCG@10": 0.6869605333318083,
      "RR@10": 0.8213888888888888
    },
    "Dense": {
      "AP@10": 0.2562973712382497,
      "P@5": 0.7539999999999997,
      "R@5": 0.18031097212150815,
      "R@10": 0.31322642064060047,
      "RR@5": 0.8641666666666665,
      "nDCG@5": 0.7324952813383829,
      "nDCG@10": 0.7272190444003137,
      "RR@10": 0.8670238095238093
    },
    "Hybrid(RRF)": {
      "AP@10": 0.2604121093634017,
      "P@5": 0.7659999999999999,
      "R@5": 0.2028445095425251,
      "R@10": 0.3133943866245184,
      "RR@5": 0.8761666666666666,
      "nDCG@5": 0.7521892438384598,
      "nDCG@10": 0.7374728661151957,
      "RR@10": 0.8761666666666666
    },
    "Dense+Reranker(ref)": {
      "RR@10": 0.8504285714285714,
      "R@5": 0.2022824691647428,
      "P@5": 0.7439999999999998,
      "AP@10": 0.2542661356773459,
      "RR@5": 0.8489999999999999,
      "R@10": 0.3166652528262053,
      "nDCG@10": 0.7122647378634005,
      "nDCG@5": 0.716992493187009
    }
  }
}