{
  "eval_set": "V3 (qrels.tsv, 100쿼리)",
  "pipeline": "configs/retrieval_pipelines/dense_reranked.yaml",
  "unjudged_rate": {
    "top10": {
      "dense": 0.0,
      "reranker": 0.001
    },
    "top5": {
      "dense": 0.0,
      "reranker": 0.002
    }
  },
  "standard": {
    "dense": {
      "R@5": 0.2517764466648718,
      "RR@5": 1.0,
      "nDCG@5": 0.8896861259069268,
      "RR@10": 1.0,
      "AP@10": 0.34863755010411035,
      "R@10": 0.3831935727976804,
      "P@5": 0.8119999999999997,
      "nDCG@10": 0.868589729961137
    },
    "reranker": {
      "R@5": 0.22897079928967157,
      "RR@5": 0.995,
      "nDCG@5": 0.8423441773680489,
      "RR@10": 0.995,
      "AP@10": 0.31049299796139906,
      "R@10": 0.3481252852524849,
      "P@5": 0.7539999999999997,
      "nDCG@10": 0.827739356441971
    }
  },
  "condensed": {
    "dense": {
      "R@5": 0.2517764466648718,
      "RR@5": 1.0,
      "nDCG@5": 0.8896861259069268,
      "RR@10": 1.0,
      "AP@10": 0.34863755010411035,
      "R@10": 0.3831935727976804,
      "P@5": 0.8119999999999997,
      "nDCG@10": 0.868589729961137
    },
    "reranker": {
      "R@5": 0.22897079928967157,
      "RR@5": 0.995,
      "nDCG@5": 0.8423441773680489,
      "RR@10": 0.995,
      "AP@10": 0.31060149837911,
      "R@10": 0.3481252852524849,
      "P@5": 0.7539999999999997,
      "nDCG@10": 0.8278604742233374
    }
  },
  "worklist_unjudged_pairs": 1
}