{
  "eval_set": "V3 (qrels.tsv, 100쿼리)",
  "pipeline": "configs/retrieval_pipelines/dense_reranked.yaml",
  "unjudged_rate": {
    "top10": {
      "dense": 0.001,
      "reranker": 0.241
    },
    "top5": {
      "dense": 0.002,
      "reranker": 0.16
    }
  },
  "standard": {
    "dense": {
      "RR@5": 1.0,
      "R@10": 0.5916090078995235,
      "R@5": 0.3747932477826554,
      "P@5": 0.8099999999999997,
      "nDCG@10": 0.8931777194566041,
      "RR@10": 1.0,
      "AP@10": 0.5472918735467714,
      "nDCG@5": 0.8973349672393958
    },
    "reranker": {
      "RR@5": 0.995,
      "R@10": 0.49471339999499747,
      "R@5": 0.33044527111644584,
      "P@5": 0.7019999999999996,
      "nDCG@10": 0.800803527702201,
      "RR@10": 0.995,
      "AP@10": 0.43831004108513916,
      "nDCG@5": 0.8241732775521734
    }
  },
  "condensed": {
    "dense": {
      "RR@5": 1.0,
      "R@10": 0.5916090078995235,
      "R@5": 0.37541824778265537,
      "P@5": 0.8119999999999997,
      "nDCG@10": 0.8939301360133501,
      "RR@10": 1.0,
      "AP@10": 0.5481849787055016,
      "nDCG@5": 0.8994748298867411
    },
    "reranker": {
      "RR@5": 1.0,
      "R@10": 0.49471339999499747,
      "R@5": 0.36896871872454506,
      "P@5": 0.7879999999999991,
      "nDCG@10": 0.8183599425302682,
      "RR@10": 1.0,
      "AP@10": 0.46778406269894207,
      "nDCG@5": 0.877090523629406
    }
  },
  "worklist_unjudged_pairs": 241
}