{
  "generated_at": "2026-06-11T04:45:53.920285+00:00",
  "collection": "civil_cases_v1",
  "queries_path": "data/evaluation/v3/queries.jsonl",
  "qrels_path": "data/evaluation/v3/qrels_final.tsv",
  "queries_sha256": "sha256:f08c0adce584c6dcb62bbfb103f8cf6dbba9975f28aafecb9d807b4236ecbee8",
  "qrels_sha256": "sha256:e53f8d75247bf7de243c3c9a3e5f4ada939f0d9566ad7f67268c496a7aecee19",
  "query_count": 100,
  "judged_query_count": 49,
  "evaluated_qrel_count": 749,
  "top_k": 10,
  "doc_responsible_units_source": "be1_structured",
  "assign_stat": {
    "elapsed_sec": 17.6,
    "queries": 100,
    "queries_with_prediction": 100,
    "coverage_rate": 1.0,
    "top_n_units": 3
  },
  "query_doc_dept_diagnosis": {
    "judged_queries": 49,
    "query_top1_dept_in_relevant_docs": 37,
    "query_top1_match_rate": 0.7551,
    "query_anytop_dept_in_relevant_docs": 47,
    "query_anytop_match_rate": 0.9592,
    "relevant_docs_total": 617,
    "relevant_docs_with_dept_tag": 617
  },
  "strategies": {
    "dense": {
      "metric_keys": [
        "nDCG@5",
        "nDCG@10",
        "R@5",
        "R@10",
        "RR@5",
        "RR@10",
        "AP@10",
        "P@5"
      ],
      "metrics": {
        "base": {
          "R@10": 0.6380492989736689,
          "nDCG@10": 0.6968222412952628,
          "AP@10": 0.4729211539086559,
          "RR@5": 0.5170068027210885,
          "RR@10": 0.5204081632653061,
          "R@5": 0.3077751663435938,
          "nDCG@5": 0.6082469102292107,
          "P@5": 0.7428571428571429
        },
        "soft_nodept": {
          "R@10": 0.5537756111435583,
          "nDCG@10": 0.6276861134551771,
          "AP@10": 0.400385543344084,
          "RR@5": 0.5040816326530612,
          "RR@10": 0.5074829931972789,
          "R@5": 0.3024434232567488,
          "nDCG@5": 0.5947428245884911,
          "P@5": 0.7224489795918367
        },
        "soft_dept": {
          "R@10": 0.5334462889384859,
          "nDCG@10": 0.6136025182622115,
          "AP@10": 0.38525984827433984,
          "RR@5": 0.5040816326530612,
          "RR@10": 0.5074829931972789,
          "R@5": 0.29861689264450386,
          "nDCG@5": 0.5858684142745932,
          "P@5": 0.7183673469387756
        }
      }
    },
    "hybrid": {
      "metric_keys": [
        "nDCG@5",
        "nDCG@10",
        "R@5",
        "R@10",
        "RR@5",
        "RR@10",
        "AP@10",
        "P@5"
      ],
      "metrics": {
        "base": {
          "R@10": 0.557654187216012,
          "nDCG@10": 0.6217860903482046,
          "AP@10": 0.39651220318310365,
          "RR@5": 0.49659863945578236,
          "RR@10": 0.5029154518950437,
          "R@5": 0.28992398990898405,
          "nDCG@5": 0.5736211466114369,
          "P@5": 0.7142857142857144
        },
        "soft_nodept": {
          "R@10": 0.5519292998584716,
          "nDCG@10": 0.616261273628191,
          "AP@10": 0.3877552121784816,
          "RR@5": 0.49659863945578236,
          "RR@10": 0.5029154518950437,
          "R@5": 0.2894988198409568,
          "nDCG@5": 0.5747190795249991,
          "P@5": 0.7142857142857144
        },
        "soft_dept": {
          "R@10": 0.5499668265574629,
          "nDCG@10": 0.6131913957542515,
          "AP@10": 0.3865533362518584,
          "RR@5": 0.49659863945578236,
          "RR@10": 0.5020651117589894,
          "R@5": 0.28813827562326977,
          "nDCG@5": 0.5711637848751742,
          "P@5": 0.7102040816326531
        }
      }
    }
  }
}