{
  "generated_at": "2026-06-11T06:59:00.535372+00:00",
  "collection": "civil_cases_v1",
  "qrels_sha256": "sha256:e53f8d75247bf7de243c3c9a3e5f4ada939f0d9566ad7f67268c496a7aecee19",
  "judged_query_count": 49,
  "pool_size": 100,
  "top_k": 10,
  "strategies": {
    "dense": {
      "metric_keys": [
        "nDCG@5",
        "nDCG@10",
        "R@5",
        "R@10",
        "RR@5",
        "RR@10",
        "AP@10",
        "P@5"
      ],
      "metrics": {
        "base": {
          "AP@10": 0.6678782547196342,
          "R@5": 0.3706500548937524,
          "RR@10": 0.9734693877551021,
          "nDCG@5": 0.8872325760522992,
          "RR@5": 0.9734693877551021,
          "nDCG@10": 0.8950279041461716,
          "P@5": 0.9061224489795917,
          "R@10": 0.7070494398225492
        },
        "dept_old": {
          "AP@10": 0.6721789208047998,
          "R@5": 0.3749260510064833,
          "RR@10": 0.9734693877551021,
          "nDCG@5": 0.8903946589950293,
          "RR@5": 0.9734693877551021,
          "nDCG@10": 0.8971131246006535,
          "P@5": 0.9142857142857143,
          "R@10": 0.7070494398225492
        },
        "dept_fresh": {
          "AP@10": 0.6814049798121999,
          "R@5": 0.3836481112591557,
          "RR@10": 0.9863945578231291,
          "nDCG@5": 0.8994474640576119,
          "RR@5": 0.9863945578231291,
          "nDCG@10": 0.9064984263279707,
          "P@5": 0.9183673469387755,
          "R@10": 0.714702501047039
        }
      }
    },
    "hybrid": {
      "metric_keys": [
        "nDCG@5",
        "nDCG@10",
        "R@5",
        "R@10",
        "RR@5",
        "RR@10",
        "AP@10",
        "P@5"
      ],
      "metrics": {
        "base": {
          "AP@10": 0.6760864852735887,
          "R@5": 0.37753449698227615,
          "RR@10": 0.9727891156462586,
          "nDCG@5": 0.8838525359825298,
          "RR@5": 0.9693877551020408,
          "nDCG@10": 0.8908844207464952,
          "P@5": 0.9224489795918368,
          "R@10": 0.7185404431502871
        },
        "dept_old": {
          "AP@10": 0.6732923519018315,
          "R@5": 0.36984830562261545,
          "RR@10": 0.9591836734693877,
          "nDCG@5": 0.8567676876298203,
          "RR@5": 0.95578231292517,
          "nDCG@10": 0.877546163326834,
          "P@5": 0.9142857142857144,
          "R@10": 0.7164907921210443
        },
        "dept_fresh": {
          "AP@10": 0.6941320132662743,
          "R@5": 0.3885557886158127,
          "RR@10": 0.976190476190476,
          "nDCG@5": 0.8941650268030439,
          "RR@5": 0.976190476190476,
          "nDCG@10": 0.9065927593717722,
          "P@5": 0.930612244897959,
          "R@10": 0.736081745385467
        }
      }
    }
  }
}