{
  "generated_at": "2026-06-11T07:32:16.283613+00:00",
  "collection": "civil_cases_v1",
  "qrels_sha256": "sha256:e53f8d75247bf7de243c3c9a3e5f4ada939f0d9566ad7f67268c496a7aecee19",
  "judged_query_count": 49,
  "pool_size": 100,
  "top_k": 10,
  "judge": {
    "model": "qwen2.5:14b",
    "pairs_judged": 192,
    "judged_ok": 192,
    "judged_fail": 0,
    "dist": {
      "0": 78,
      "1": 26,
      "2": 88
    },
    "relevant_rate": 0.5938
  },
  "strategies": {
    "dense": {
      "metric_keys": [
        "nDCG@5",
        "nDCG@10",
        "R@5",
        "R@10",
        "RR@5",
        "RR@10",
        "AP@10",
        "P@5"
      ],
      "orig": {
        "base": {
          "nDCG@10": 0.6968222412952628,
          "AP@10": 0.4729211539086559,
          "RR@5": 0.5170068027210885,
          "R@10": 0.6380492989736689,
          "nDCG@5": 0.6082469102292107,
          "RR@10": 0.5204081632653061,
          "P@5": 0.7428571428571429,
          "R@5": 0.3077751663435938
        },
        "dept_fresh": {
          "nDCG@10": 0.6802274384285432,
          "AP@10": 0.4541131691260672,
          "RR@5": 0.5255102040816326,
          "R@10": 0.6152325099203854,
          "nDCG@5": 0.6119033489848046,
          "RR@10": 0.5255102040816326,
          "P@5": 0.7428571428571429,
          "R@5": 0.3136524523229207
        }
      },
      "aug": {
        "base": {
          "nDCG@10": 0.9035829508241049,
          "AP@10": 0.5898915165415649,
          "RR@5": 1.0,
          "R@10": 0.6105509688145376,
          "nDCG@5": 0.925310655688703,
          "RR@10": 1.0,
          "P@5": 0.9346938775510205,
          "R@5": 0.3299130492234051
        },
        "dept_fresh": {
          "nDCG@10": 0.907759790152431,
          "AP@10": 0.5944469342461501,
          "RR@5": 1.0,
          "R@10": 0.6120774289876143,
          "nDCG@5": 0.9292719999336821,
          "RR@10": 1.0,
          "P@5": 0.9387755102040817,
          "R@5": 0.3333009311827157
        }
      }
    },
    "hybrid": {
      "metric_keys": [
        "nDCG@5",
        "nDCG@10",
        "R@5",
        "R@10",
        "RR@5",
        "RR@10",
        "AP@10",
        "P@5"
      ],
      "orig": {
        "base": {
          "nDCG@10": 0.623014390847691,
          "AP@10": 0.39817644030652444,
          "RR@5": 0.49659863945578236,
          "R@10": 0.5602052076241752,
          "nDCG@5": 0.5762988012545459,
          "RR@10": 0.5029154518950437,
          "P@5": 0.7183673469387757,
          "R@5": 0.29283944180402777
        },
        "dept_fresh": {
          "nDCG@10": 0.5897632997579477,
          "AP@10": 0.3635086000205442,
          "RR@5": 0.5051020408163265,
          "R@10": 0.5189268997642346,
          "nDCG@5": 0.5648027906261248,
          "RR@10": 0.5080174927113702,
          "P@5": 0.6979591836734694,
          "R@5": 0.2932490861812592
        }
      },
      "aug": {
        "base": {
          "nDCG@10": 0.8916958290167138,
          "AP@10": 0.5730825697155653,
          "RR@5": 1.0,
          "R@10": 0.6000691395965296,
          "nDCG@5": 0.9105007979541527,
          "RR@10": 1.0,
          "P@5": 0.9224489795918367,
          "R@5": 0.32149766552606657
        },
        "dept_fresh": {
          "nDCG@10": 0.8727525698896887,
          "AP@10": 0.5521963946704108,
          "RR@5": 1.0,
          "R@10": 0.5725249172175312,
          "nDCG@5": 0.9125513223547183,
          "RR@10": 1.0,
          "P@5": 0.9224489795918365,
          "R@5": 0.325127765584738
        }
      }
    }
  }
}