{
  "generated_at": "2026-05-28T12:06:10",
  "n_queries": 100,
  "results": {
    "current_adaptive_hybrid": {
      "metrics": {
        "AP@10": 0.5253971272397061,
        "nDCG@10": 0.8736430445035153,
        "RR@10": 0.995,
        "R@10": 0.5651150128488922,
        "R@5": 0.3862490603465243,
        "P@5": 0.8079999999999995,
        "RR@5": 0.995,
        "nDCG@5": 0.896959101530998
      },
      "latency_s": 93.43
    },
    "lightweight_adaptive_no_hybrid": {
      "metrics": {
        "AP@10": 0.5461119612660447,
        "nDCG@10": 0.8929207398419956,
        "RR@10": 1.0,
        "R@10": 0.5916090078995235,
        "R@5": 0.37122261083222297,
        "P@5": 0.8039999999999998,
        "RR@5": 1.0,
        "nDCG@5": 0.8943601376318899
      },
      "latency_s": 15.11
    },
    "pure_dense": {
      "metrics": {
        "AP@10": 0.5472918735467714,
        "nDCG@10": 0.8931777194566041,
        "RR@10": 1.0,
        "R@10": 0.5916090078995235,
        "R@5": 0.3747932477826554,
        "P@5": 0.8099999999999997,
        "RR@5": 1.0,
        "nDCG@5": 0.8973349672393958
      },
      "latency_s": 14.65
    }
  }
}