{
  "generated_at": "2026-05-28T13:36:21",
  "n_queries": 100,
  "n_corpus": 9132,
  "n_null_docs": 78,
  "bm25_with_null": {
    "P@5": 0.7079999999999999,
    "nDCG@10": 0.8006737188589138,
    "AP@10": 0.4423247860870505,
    "R@10": 0.49968018949768533,
    "RR@5": 0.995,
    "nDCG@5": 0.8364384731615598,
    "RR@10": 0.995,
    "R@5": 0.3344492600094673
  },
  "bm25_null_removed": {
    "P@5": 0.7079999999999999,
    "nDCG@10": 0.8006737188589138,
    "AP@10": 0.4423247860870505,
    "R@10": 0.49968018949768533,
    "RR@5": 0.995,
    "nDCG@5": 0.8364384731615598,
    "RR@10": 0.995,
    "R@5": 0.3344492600094673
  },
  "note": "Dense는 ChromaDB 임베딩 고정으로 직접 측정 불가. BM25 영향이 상한 추정치."
}