{
  "generated_at": "2026-05-29T02:22:11",
  "device": "cuda",
  "n_queries": 100,
  "raw_missing": 0,
  "raw_text_median_chars": 1009.0,
  "v_4elem": {
    "nDCG@5": 0.8973349672393958,
    "P@5": 0.8099999999999997,
    "nDCG@10": 0.8931777194566041,
    "R@5": 0.3747932477826554,
    "RR@10": 1.0,
    "RR@5": 1.0,
    "R@10": 0.5916090078995235,
    "AP@10": 0.5472918735467714
  },
  "v_raw_plus_4elem": {
    "nDCG@5": 0.8432160741090116,
    "P@5": 0.7259999999999998,
    "nDCG@10": 0.7984772471968481,
    "R@5": 0.34745269107496923,
    "RR@10": 0.995,
    "RR@5": 0.995,
    "R@10": 0.5007658103831235,
    "AP@10": 0.4506504016392557
  },
  "note": "양 변형 모두 GPU에서 동일 BGE-m3로 신규 임베딩(Ephemeral). 포맷 변수만 격리."
}