{
  "generated_at": "2026-05-28T11:34:17",
  "n_queries": 100,
  "variants": {
    "V0_full": 2549,
    "V1_no_genorig": 2514,
    "V2_no_cepool": 2383,
    "V3_pre262": 2348
  },
  "added_pair_counts": {
    "gen_origin": 35,
    "ce_pool": 166,
    "all": 201
  },
  "results": {
    "V0_full": {
      "BM25": {
        "nDCG@5": 0.8364384731615598,
        "RR@10": 0.995,
        "R@5": 0.3344492600094673,
        "nDCG@10": 0.8006737188589138,
        "R@10": 0.49968018949768533,
        "RR@5": 0.995,
        "AP@10": 0.4423247860870505,
        "P@5": 0.7079999999999999
      },
      "BGE-m3 Dense": {
        "nDCG@5": 0.8973349672393958,
        "RR@10": 1.0,
        "R@5": 0.3747932477826554,
        "nDCG@10": 0.8931777194566041,
        "R@10": 0.5916090078995235,
        "RR@5": 1.0,
        "AP@10": 0.5472918735467714,
        "P@5": 0.8099999999999997
      }
    },
    "V1_no_genorig": {
      "BM25": {
        "nDCG@5": 0.6934493291089054,
        "RR@10": 0.7924285714285715,
        "R@5": 0.3033263292013716,
        "nDCG@10": 0.691934467861188,
        "R@10": 0.4733607231850317,
        "RR@5": 0.79,
        "AP@10": 0.3813944010247827,
        "P@5": 0.6379999999999995
      },
      "BGE-m3 Dense": {
        "nDCG@5": 0.7621673455247634,
        "RR@10": 0.8120833333333333,
        "R@5": 0.34518375230781595,
        "nDCG@10": 0.7911950375949918,
        "R@10": 0.5681624291637004,
        "RR@5": 0.8108333333333333,
        "AP@10": 0.48079560611574457,
        "P@5": 0.7399999999999994
      }
    },
    "V2_no_cepool": {
      "BM25": {
        "nDCG@5": 0.5564020508885492,
        "RR@10": 0.6264285714285714,
        "R@5": 0.24807409204768507,
        "nDCG@10": 0.57733112383791,
        "R@10": 0.4378865728725208,
        "RR@5": 0.6240000000000001,
        "AP@10": 0.3016283318895583,
        "P@5": 0.5740000000000001
      },
      "BGE-m3 Dense": {
        "nDCG@5": 0.6363443103896647,
        "RR@10": 0.6440833333333333,
        "R@5": 0.2987608187245038,
        "nDCG@10": 0.6929723144029651,
        "R@10": 0.5504077412088045,
        "RR@5": 0.6428333333333334,
        "AP@10": 0.4162332657952748,
        "P@5": 0.6859999999999998
      }
    },
    "V3_pre262": {
      "BM25": {
        "nDCG@5": 0.41341290683589493,
        "RR@10": 0.4238571428571429,
        "R@5": 0.21655758552583873,
        "nDCG@10": 0.46851818495307557,
        "R@10": 0.41140508206143456,
        "RR@5": 0.419,
        "AP@10": 0.23966320007495645,
        "P@5": 0.5039999999999999
      },
      "BGE-m3 Dense": {
        "nDCG@5": 0.5011766886750323,
        "RR@10": 0.45616666666666666,
        "R@5": 0.26883288378001813,
        "nDCG@10": 0.5909156708812621,
        "R@10": 0.5268412783303502,
        "RR@5": 0.45366666666666666,
        "AP@10": 0.34860757870617043,
        "P@5": 0.6159999999999995
      }
    }
  }
}