{
  "generated_at": "2026-05-28T12:55:13",
  "n_queries": 100,
  "results": {
    "lightweight_policy_none": {
      "metrics": {
        "RR@5": 1.0,
        "R@10": 0.5916090078995235,
        "RR@10": 1.0,
        "AP@10": 0.5461119612660447,
        "P@5": 0.8039999999999998,
        "nDCG@5": 0.8943601376318899,
        "R@5": 0.37122261083222297,
        "nDCG@10": 0.8929207398419956
      },
      "latency_s": 21.34
    },
    "lightweight_policy_resolved": {
      "metrics": {
        "RR@5": 1.0,
        "R@10": 0.5676476683723274,
        "RR@10": 1.0,
        "AP@10": 0.5237435355443631,
        "P@5": 0.8039999999999996,
        "nDCG@5": 0.890189920367795,
        "R@5": 0.3760096896953889,
        "nDCG@10": 0.8748346718741018
      },
      "latency_s": 14.57
    },
    "pure_dense": {
      "metrics": {
        "RR@5": 1.0,
        "R@10": 0.5916090078995235,
        "RR@10": 1.0,
        "AP@10": 0.5472918735467714,
        "P@5": 0.8099999999999997,
        "nDCG@5": 0.8973349672393958,
        "R@5": 0.3747932477826554,
        "nDCG@10": 0.8931777194566041
      },
      "latency_s": 15.02
    }
  },
  "policy_boost_delta": {
    "nDCG@5": -0.004170217264094944,
    "nDCG@10": -0.018086067967893804,
    "R@10": -0.023961339527196146
  },
  "verdict": "부스트 해로움 → 제거 권장"
}