{
  "n_queries": 10,
  "query_ids": [
    "Q-0004",
    "Q-0014",
    "Q-0015",
    "Q-0018",
    "Q-0029",
    "Q-0032",
    "Q-0037",
    "Q-0088",
    "Q-0093",
    "Q-0103"
  ],
  "n_added_positives": 195,
  "old": {
    "BM25": {
      "RR@5": 0.55,
      "P@5": 0.5599999999999999,
      "AP@10": 0.12035069140286529,
      "nDCG@5": 0.504685731875611,
      "R@5": 0.06635015591537331,
      "nDCG@10": 0.5244938027942474,
      "RR@10": 0.5611111111111111,
      "R@10": 0.15852516774255904
    },
    "Dense": {
      "RR@5": 0.6,
      "P@5": 0.5599999999999999,
      "AP@10": 0.11714188605803513,
      "nDCG@5": 0.4962618395019736,
      "R@5": 0.06537460893982633,
      "nDCG@10": 0.5068696193036581,
      "RR@10": 0.6,
      "R@10": 0.12674921787965265
    },
    "Hybrid": {
      "RR@5": 0.6,
      "P@5": 0.58,
      "AP@10": 0.12203700566744047,
      "nDCG@5": 0.5259385846976451,
      "R@5": 0.069052858618076,
      "nDCG@10": 0.5300838330374297,
      "RR@10": 0.6,
      "R@10": 0.12404651517694995
    }
  },
  "new": {
    "BM25": {
      "RR@5": 0.55,
      "P@5": 0.5599999999999999,
      "AP@10": 0.08863342553112641,
      "nDCG@5": 0.504685731875611,
      "R@5": 0.04684229094555316,
      "nDCG@10": 0.5381922738240786,
      "RR@10": 0.5611111111111111,
      "R@10": 0.12458955926667192
    },
    "Dense": {
      "RR@5": 0.6,
      "P@5": 0.5599999999999999,
      "AP@10": 0.08120765522300318,
      "nDCG@5": 0.4962618395019736,
      "R@5": 0.045884523223079544,
      "nDCG@10": 0.5068696193036581,
      "RR@10": 0.6,
      "R@10": 0.08843571311282576
    },
    "Hybrid": {
      "RR@5": 0.6,
      "P@5": 0.58,
      "AP@10": 0.08510763188033275,
      "nDCG@5": 0.5259385846976451,
      "R@5": 0.048765367868630075,
      "nDCG@10": 0.5300838330374297,
      "RR@10": 0.6,
      "R@10": 0.08651263618974883
    }
  }
}