{
  "generated_at": "2026-06-12T13:58:53.042946+00:00",
  "qrels_sha256": "sha256:e53f8d75247bf7de243c3c9a3e5f4ada939f0d9566ad7f67268c496a7aecee19",
  "judged_query_count": 49,
  "top_k": 10,
  "judge": {
    "model": "qwen2.5:14b",
    "prompt": "relabel_new_qrels_v3.SYSTEM_PROMPT (공식)",
    "pairs": 340,
    "ok": 340,
    "fail": 0,
    "dist": {
      "0": 161,
      "1": 145,
      "2": 34
    },
    "unjudged_relevant_rate": 0.5265
  },
  "strategies": {
    "dense": {
      "civil_cases_v1": {
        "orig": {
          "R@10": 0.6380492989736689,
          "P@5": 0.7428571428571429,
          "nDCG@5": 0.6082469102292107,
          "RR@5": 0.5170068027210885,
          "R@5": 0.3077751663435938,
          "nDCG@10": 0.6968222412952628,
          "RR@10": 0.5204081632653061,
          "AP@10": 0.4729211539086559
        },
        "aug": {
          "R@10": 0.5780009385523218,
          "P@5": 0.9306122448979594,
          "nDCG@5": 0.8945507283731179,
          "RR@5": 0.9897959183673469,
          "R@5": 0.3141856016041503,
          "nDCG@10": 0.8926908431666257,
          "RR@10": 0.9897959183673469,
          "AP@10": 0.5540018868513142
        }
      },
      "civil_cases_v3": {
        "orig": {
          "R@10": 0.45127205727445835,
          "P@5": 0.6163265306122453,
          "nDCG@5": 0.5037261161722447,
          "RR@5": 0.4812925170068027,
          "R@5": 0.2599062835257313,
          "nDCG@10": 0.508964391967093,
          "RR@10": 0.4842079689018464,
          "AP@10": 0.2865875380843868
        },
        "aug": {
          "R@10": 0.5166869083258524,
          "P@5": 0.8938775510204081,
          "nDCG@5": 0.837064667498493,
          "RR@5": 0.9897959183673469,
          "R@5": 0.29963055200029864,
          "nDCG@10": 0.7839428601791217,
          "RR@10": 0.9897959183673469,
          "AP@10": 0.4843877377385326
        }
      }
    },
    "hybrid": {
      "civil_cases_v1": {
        "orig": {
          "R@10": 0.5653072484405018,
          "P@5": 0.7142857142857144,
          "nDCG@5": 0.5736211466114369,
          "RR@5": 0.49659863945578236,
          "R@5": 0.28992398990898405,
          "nDCG@10": 0.6251454395348067,
          "RR@10": 0.5029154518950437,
          "AP@10": 0.3998285297137159
        },
        "aug": {
          "R@10": 0.5507425084392829,
          "P@5": 0.9142857142857144,
          "nDCG@5": 0.8692816874475621,
          "RR@5": 0.9897959183673469,
          "R@5": 0.3034429712186628,
          "nDCG@10": 0.8487006441559097,
          "RR@10": 0.9897959183673469,
          "AP@10": 0.5179686989807436
        }
      },
      "civil_cases_v3": {
        "orig": {
          "R@10": 0.4454189901068652,
          "P@5": 0.5918367346938779,
          "nDCG@5": 0.4794765561468372,
          "RR@5": 0.46938775510204084,
          "R@5": 0.2526806010449468,
          "nDCG@10": 0.4998741274010593,
          "RR@10": 0.46938775510204084,
          "AP@10": 0.2768913872416703
        },
        "aug": {
          "R@10": 0.5152794230701824,
          "P@5": 0.9061224489795919,
          "nDCG@5": 0.8256676336446209,
          "RR@5": 0.9897959183673469,
          "R@5": 0.3036505605200475,
          "nDCG@10": 0.7798280849245899,
          "RR@10": 0.9897959183673469,
          "AP@10": 0.4837622120785539
        }
      }
    }
  }
}